step,pairA,pairB,contactIndex,featureId,depth,offsetX,offsetY,offsetZ,normalX,normalY,normalZ
1,2,3,0,111,0,0.5,0.5,0.5,0,-1,0
1,2,3,1,109,0,-0.5,0.5,-0.5,0,-1,0
1,2,3,2,94,0,0.5,0.5,-0.5,0,-1,0
1,2,3,3,126,0,-0.5,0.5,0.5,0,-1,0
1,0,1,0,111,0,0.5,0.5,0.5,0,-1,0
1,0,1,1,109,0,-0.5,0.5,-0.5,0,-1,0
1,0,1,2,94,0,0.5,0.5,-0.5,0,-1,0
1,0,1,3,126,0,-0.5,0.5,0.5,0,-1,0
1,1,2,0,111,0,0.5,0.5,0.5,0,-1,0
1,1,2,1,109,0,-0.5,0.5,-0.5,0,-1,0
1,1,2,2,94,0,0.5,0.5,-0.5,0,-1,0
1,1,2,3,126,0,-0.5,0.5,0.5,0,-1,0
1,0,0,0,-4,-0,-0.5,-0.5,-0.5,0,1,0
1,0,0,1,-21,0,0.5,-0.5,0.5,0,1,0
1,0,0,2,-5,0,-0.5,-0.5,0.5,0,1,0
1,0,0,3,-20,0,0.5,-0.5,-0.5,0,1,0
2,2,3,0,-21,0.00035919232,0.5000478,0.49959826,0.49999475,-0.00022002977,-1,1.0499937E-05
2,2,3,1,109,0.00017818605,-0.49990195,0.49986434,-0.49997112,-0.00022002977,-1,1.0499937E-05
2,2,3,2,94,0.00030263662,0.5000478,0.49964434,-0.49997112,-0.00022002977,-1,1.0499937E-05
2,2,3,3,45,0.00023474178,-0.49990195,0.4998183,0.49999475,-0.00022002977,-1,1.0499937E-05
2,0,1,0,111,0.00073185726,0.49987507,0.49934143,0.4999669,-7.554141E-05,-1,-2.7627336E-06
2,0,1,1,-4,0.00048312114,-0.50007474,0.4994436,-0.49999863,-7.554141E-05,-1,-2.7627336E-06
2,0,1,2,47,0.0007079847,0.49987507,0.49936804,-0.49999863,-7.554141E-05,-1,-2.7627336E-06
2,0,1,3,126,0.0005069937,-0.5000747,0.49941695,0.4999669,-7.554141E-05,-1,-2.7627336E-06
2,1,2,0,109,0.0002798726,-0.49996224,0.4997712,-0.49998668,-9.557296E-05,-1,-2.6636102E-05
2,1,2,1,-21,0.0002627681,0.5000378,0.49968615,0.5000133,-9.557296E-05,-1,-2.6636102E-05
2,1,2,2,45,0.00024273654,-0.49996224,0.49978173,0.5000133,-9.557296E-05,-1,-2.6636102E-05
2,1,2,3,94,0.00029990415,0.5000377,0.49967563,-0.49998668,-9.557296E-05,-1,-2.6636102E-05
2,0,0,0,-4,0.00062999275,-0.49992537,-0.4994433,-0.5000014,-5.699085E-16,1,0
2,0,0,1,-21,0.00048342205,0.5000747,-0.4994433,0.49999863,-5.699085E-16,1,0
2,0,0,2,-5,0.00063275546,-0.49992537,-0.4994433,0.49999863,-5.699085E-16,1,0
2,0,0,3,-20,0.0004806593,0.5000747,-0.4994433,-0.5000014,-5.699085E-16,1,0
3,2,3,0,-21,0.00066415477,0.5000483,0.49927345,0.5000139,-0.00032621136,-1,-2.7778082E-05
3,2,3,1,109,0.00041625398,-0.49985394,0.49964613,-0.49994254,-0.00032621136,-1,-2.7778082E-05
3,2,3,2,94,0.0006454096,0.50004834,0.49931997,-0.49994254,-0.00032621136,-1,-2.7778082E-05
3,2,3,3,45,0.00043499918,-0.49985394,0.4995996,0.5000139,-0.00032621136,-1,-2.7778082E-05
3,0,1,0,111,0.0015147176,0.49977547,0.4985967,0.49996543,0.0002449421,-0.99999994,-1.3988702E-06
3,0,1,1,-4,0.0010903,-0.5001222,0.4987982,-0.499989,0.0002449421,-0.99999994,-1.3988702E-06
3,0,1,2,47,0.0015353163,0.49977547,0.4985981,-0.49998903,0.0002449421,-0.99999994,-1.3988702E-06
3,0,1,3,126,0.0010697013,-0.50012213,0.4987968,0.49996543,0.0002449421,-0.99999994,-1.3988702E-06
3,1,2,0,109,0.0007630269,-0.4999,0.49933773,-0.4999993,-9.703337E-05,-1,-1.3988702E-06
3,1,2,1,111,0.00068631966,0.50009996,0.49921292,0.5000007,-9.703337E-05,-1,-1.3988702E-06
3,1,2,2,126,0.00078940607,-0.4999,0.49930996,0.5000007,-9.703337E-05,-1,-1.3988702E-06
3,1,2,3,94,0.0006599405,0.50009996,0.4992407,-0.4999993,-9.703337E-05,-1,-1.3988702E-06
3,0,0,0,-4,0.0011524371,-0.49987754,-0.498959,-0.500011,-7.0768915E-16,0.99999994,0
3,0,0,1,-21,0.00092949346,0.5001224,-0.498959,0.499989,-7.0768915E-16,0.99999994,0
3,0,0,2,-5,0.0011744356,-0.49987754,-0.498959,0.499989,-7.0768915E-16,0.99999994,0
3,0,0,3,-20,0.0009074949,0.5001224,-0.498959,-0.500011,-7.0768915E-16,0.99999994,0
4,2,3,0,-21,0.0007778614,0.50004786,0.4991562,0.500018,-9.5888485E-05,-1,-1.727989E-05
4,2,3,1,109,0.0005948404,-0.49982402,0.4994711,-0.4999371,-9.5888485E-05,-1,-1.727989E-05
4,2,3,2,94,0.0007965774,0.5000479,0.49917346,-0.4999371,-9.5888485E-05,-1,-1.727989E-05
4,2,3,3,45,0.00057612435,-0.49982402,0.4994538,0.50001794,-9.5888485E-05,-1,-1.727989E-05
4,0,1,0,111,0.0019113075,0.49976632,0.49815643,0.49998084,0.00019364101,-1,-5.810351E-05
4,0,1,1,-4,0.0016044143,-0.50009656,0.49832782,-0.49997103,0.00019364101,-1,-5.810351E-05
4,0,1,2,47,0.0019869588,0.49976632,0.49813887,-0.49997106,0.00019364101,-1,-5.810351E-05
4,0,1,3,126,0.0015287629,-0.50009656,0.49834538,0.49998084,0.00019364101,-1,-5.810351E-05
4,1,2,0,109,0.0011248298,-0.49990562,0.49896088,-0.50000876,-9.5888485E-05,-1,1.755155E-05
4,1,2,1,111,0.0010853105,0.50009435,0.49882898,0.49999124,-9.5888485E-05,-1,1.755155E-05
4,1,2,2,126,0.001178378,-0.49990562,0.49892488,0.49999124,-9.5888485E-05,-1,1.755155E-05
4,1,2,3,47,0.0010317622,0.50009435,0.49886498,-0.50000876,-9.5888485E-05,-1,1.755155E-05
4,0,0,0,-4,0.001351176,-0.49990317,-0.4987166,-0.500029,-3.6674534E-13,1,0
4,0,0,1,-21,0.0012156385,0.5000968,-0.4987166,0.49997094,-3.6674534E-13,1,0
4,0,0,2,-5,0.0014092794,-0.49990317,-0.4987166,0.49997094,-3.6674534E-13,1,0
4,0,0,3,-20,0.0011575349,0.5000968,-0.4987166,-0.500029,-3.6674534E-13,1,0
5,2,3,0,-21,0.00073214766,0.5000436,0.49920624,0.50001794,-0.00018463742,-1,-3.58337E-05
5,2,3,1,109,0.0006749636,-0.49983153,0.49938664,-0.49994218,-0.00018463742,-1,-3.58337E-05
5,2,3,2,94,0.0007721859,0.5000436,0.49920204,-0.49994218,-0.00018463742,-1,-3.58337E-05
5,2,3,3,45,0.0006349253,-0.49983153,0.49939084,0.5000179,-0.00018463742,-1,-3.58337E-05
5,0,1,0,111,0.001974915,0.49981883,0.4980361,0.49999312,-9.279295E-05,-1,-7.283568E-05
5,0,1,1,-4,0.0018828188,-0.5000476,0.49810615,-0.49996373,-9.279295E-05,-1,-7.283568E-05
5,0,1,2,47,0.0020704519,0.49981883,0.49801338,-0.49996376,-9.279295E-05,-1,-7.283568E-05
5,0,1,3,126,0.001787282,-0.5000476,0.49812886,0.49999312,-9.279295E-05,-1,-7.283568E-05
5,1,2,0,-21,0.0013052133,0.50004625,0.49865973,0.49998868,-8.740293E-05,-1,2.270535E-05
5,1,2,1,109,0.0012520644,-0.49995363,0.498783,-0.50001127,-8.740293E-05,-1,2.270535E-05
5,1,2,2,-20,0.0012466743,0.50004625,0.49869558,-0.5000113,-8.740293E-05,-1,2.270535E-05
5,0,0,0,-4,0.0013191579,-0.49995258,-0.49869186,-0.5000364,-4.755124E-13,1,0
5,0,0,1,-21,0.0012971285,0.50004745,-0.49869186,0.49996358,-4.755124E-13,1,0
5,0,0,2,-5,0.0013919936,-0.49995258,-0.49869186,0.49996358,-4.755124E-13,1,0
5,0,0,3,-20,0.0012242928,0.50004745,-0.49869186,-0.5000364,-4.755124E-13,1,0
6,2,3,0,30,0.00068460184,-0.5002057,0.4993661,-0.49967107,0.000459668,-0.9999998,-0.00051355996
6,2,3,1,111,0.0005680164,0.4997676,0.49938107,0.5002565,0.000459668,-0.9999998,-0.00051355996
6,2,3,2,-5,0.0006157831,-0.5002056,0.4989214,0.50025636,0.000459668,-0.9999998,-0.00051355996
6,2,3,3,94,0.0006368351,0.4997674,0.49982575,-0.49967107,0.000459668,-0.9999998,-0.00051355996
6,0,1,0,109,0.0019331161,-0.49995813,0.49805504,-0.5000175,-1.2277542E-05,-1,0.00026345794
6,0,1,1,62,0.0018168825,0.50000614,0.49819496,0.49990627,-1.2277542E-05,-1,0.00026345794
6,0,1,2,126,0.0017056278,-0.49995804,0.4983185,0.49990627,-1.2277542E-05,-1,0.00026345794
6,0,1,3,-20,0.0020443709,0.50000614,0.4979315,-0.5000174,-1.2277542E-05,-1,0.00026345794
6,1,2,0,111,0.001907022,0.50005573,0.4981629,0.49986258,-0.0001235363,-0.99999994,0.0002634579
6,1,2,1,-4,0.001665442,-0.49993846,0.49826458,-0.5001313,-0.0001235363,-0.99999994,0.0002634579
6,1,2,2,47,0.0011300086,0.5000556,0.49867648,-0.5001315,-0.0001235363,-0.99999994,0.0002634579
6,1,2,3,126,0.0024424554,-0.49993852,0.497751,0.49986252,-0.0001235363,-0.99999994,0.0002634579
6,0,0,0,-4,0.0011505246,-0.50000614,-0.4988613,-0.499982,6.6423803E-13,1,0
6,0,0,1,-21,0.0011268498,0.49999383,-0.4988613,0.500018,6.6423803E-13,1,0
6,0,0,2,-5,0.0011145723,-0.50000614,-0.4988613,0.500018,6.6423803E-13,1,0
6,0,0,3,-20,0.0011628021,0.49999383,-0.4988613,-0.499982,6.6423803E-13,1,0
7,2,3,0,30,0.0006965247,-0.50023234,0.4992817,-0.49965775,0.00067845767,-0.9999997,-0.0004222491
7,2,3,1,111,0.00060019747,0.49968946,0.4994213,0.5002109,0.00067845767,-0.9999997,-0.0004222491
7,2,3,2,-5,0.0008131199,-0.5002321,0.4987429,0.5002107,0.00067845767,-0.9999997,-0.0004222491
7,2,3,3,94,0.00048360223,0.49968922,0.4999601,-0.49965763,0.00067845767,-0.9999997,-0.0004222491
7,0,1,0,109,0.0018809354,-0.49984464,0.49814385,-0.50004345,6.373318E-05,-1,8.723095E-05
7,0,1,1,62,0.0017766268,0.5000685,0.49819857,0.49981686,6.373318E-05,-1,8.723095E-05
7,0,1,2,126,0.0019771443,-0.49984464,0.49813485,0.49981686,6.373318E-05,-1,8.723095E-05
7,0,1,3,-20,0.0016804178,0.50006855,0.49820757,-0.5000435,6.373318E-05,-1,8.723095E-05
7,1,2,0,111,0.0015113789,0.49996242,0.498516,0.4999983,6.373318E-05,-1,-8.991394E-06
7,1,2,1,-4,0.0014999068,-0.5000317,0.49847272,-0.49999553,6.373318E-05,-1,-8.991394E-06
7,1,2,2,47,0.0010981237,0.4999623,0.49893823,-0.49999553,6.373318E-05,-1,-8.991394E-06
7,1,2,3,126,0.0019131621,-0.50003177,0.49805048,0.49999824,6.373318E-05,-1,-8.991394E-06
7,0,0,0,-21,0.0012016194,0.4999316,-0.49882317,0.50004363,-3.74904E-12,1,-7.275958E-12
7,0,0,1,-4,0.0011520487,-0.50006837,-0.49882317,-0.49995646,-3.74904E-12,1,-7.275958E-12
7,0,0,2,-20,0.0012888504,0.49993166,-0.49882317,-0.4999564,-3.74904E-12,1,-7.275958E-12
7,0,0,3,-5,0.0010648177,-0.5000684,-0.49882317,0.50004363,-3.74904E-12,1,-7.275958E-12
8,2,3,0,30,0.0006271812,-0.5002132,0.49933168,-0.49971953,0.0005439065,-0.99999976,-0.00034507833
8,2,3,1,111,0.00055201707,0.4997247,0.4994889,0.5001723,0.0005439065,-0.99999976,-0.00034507833
8,2,3,2,-5,0.00066879345,-0.5002131,0.49894503,0.50017226,0.0005439065,-0.99999976,-0.00034507833
8,2,3,3,94,0.0005104048,0.49972448,0.49987555,-0.49971953,0.0005439065,-0.99999976,-0.00034507833
8,0,1,0,109,0.0017655372,-0.49991125,0.4982518,-0.50000274,8.947114E-05,-1,5.424258E-06
8,0,1,1,62,0.001724208,0.50002015,0.49825847,0.49988008,8.947114E-05,-1,5.424258E-06
8,0,1,2,126,0.001853757,-0.49991125,0.498169,0.49988008,8.947114E-05,-1,5.424258E-06
8,0,1,3,-20,0.0016359882,0.5000202,0.49834126,-0.50000274,8.947114E-05,-1,5.424258E-06
8,1,2,0,-4,0.0013198149,-0.5000446,0.49867687,-0.49995905,8.947113E-05,-1,-0.00034507836
8,1,2,1,111,0.001244436,0.49994957,0.49875888,0.50003505,8.947113E-05,-1,-0.00034507836
8,1,2,2,126,0.0015820859,-0.50004464,0.4983318,0.50003505,8.947113E-05,-1,-0.00034507836
8,1,2,3,47,0.0009821651,0.49994946,0.49910396,-0.49995902,8.947113E-05,-1,-0.00034507836
8,0,0,0,-21,0.0011337262,0.4999799,-0.4988836,0.50000274,-1.5493494E-13,1,-4.5474735E-13
8,0,0,1,-4,0.0010990637,-0.50002,-0.4988836,-0.4999973,-1.5493494E-13,1,-4.5474735E-13
8,0,0,2,-20,0.0011391505,0.49997997,-0.4988836,-0.4999973,-1.5493494E-13,1,-4.5474735E-13
8,0,0,3,-5,0.0010936394,-0.5000201,-0.4988836,0.50000274,-1.5493494E-13,1,-4.5474735E-13
9,2,3,0,30,0.0005549382,-0.50016236,0.4994113,-0.4997765,0.0003279839,-0.9999999,-0.00025747652
9,2,3,1,111,0.000538206,0.49981156,0.4994954,0.5001285,0.0003279839,-0.9999999,-0.00025747652
9,2,3,2,-5,0.00054137106,-0.50016207,0.4991674,0.5001287,0.0003279839,-0.9999999,-0.00025747652
9,2,3,3,94,0.0005517731,0.49981126,0.4997393,-0.49977672,0.0003279839,-0.9999999,-0.00025747652
9,0,1,0,62,0.0016585634,0.49995536,0.4983387,0.49994197,0.00012524799,-1,-9.52303E-05
9,0,1,1,109,0.0016497645,-0.50001216,0.498353,-0.49995252,0.00012524799,-1,-9.52303E-05
9,0,1,2,-20,0.0016142371,0.49995533,0.49847823,-0.49995252,0.00012524799,-1,-9.52303E-05
9,0,1,3,126,0.0016940908,-0.50001204,0.49821344,0.49994206,0.00012524799,-1,-9.52303E-05
9,1,2,0,-4,0.0012009128,-0.5000622,0.49880624,-0.49993035,0.00032481883,-1,-0.00013956129
9,1,2,1,111,0.0011192576,0.49993178,0.4988736,0.50006336,0.00032481883,-1,-0.00013956129
9,1,2,2,126,0.0013188273,-0.5000622,0.49854878,0.5000635,0.00032481883,-1,-0.00013956129
9,1,2,3,47,0.0010013431,0.4999316,0.49913105,-0.4999304,0.00032481883,-1,-0.00013956129
9,0,0,0,-21,0.0010787385,0.5000449,-0.49892402,0.49995238,-2.1313192E-12,1,0
9,0,0,1,-4,0.0010732276,-0.49995515,-0.49892402,-0.5000476,-2.1313192E-12,1,0
9,0,0,2,-20,0.0009835082,0.5000448,-0.49892402,-0.5000476,-2.1313192E-12,1,0
9,0,0,3,-5,0.0011684579,-0.49995512,-0.49892402,0.49995238,-2.1313192E-12,1,0
10,2,3,0,111,0.0005371944,0.49986127,0.4994809,0.5001099,0.00021776216,-0.99999994,-0.00022031054
10,2,3,1,30,0.0005308199,-0.5001283,0.499451,-0.49980107,0.00021776216,-0.99999994,-0.00022031054
10,2,3,2,94,0.00056960026,0.4998609,0.49966878,-0.4998014,0.00021776216,-0.99999994,-0.00022031054
10,2,3,3,-5,0.0004984141,-0.500128,0.49926314,0.50011015,0.00021776216,-0.99999994,-0.00022031054
10,0,1,0,62,0.0016251182,0.49992472,0.49838635,0.49996346,0.00015115572,-1,-0.00012822983
10,0,1,1,109,0.0015976232,-0.5000574,0.4983909,-0.4999361,0.00015115572,-1,-0.00012822983
10,0,1,2,-20,0.0015697189,0.49992463,0.49856997,-0.49993613,0.00015115572,-1,-0.00012822983
10,0,1,3,126,0.0016530225,-0.5000573,0.4982073,0.49996358,0.00015115572,-1,-0.00012822983
10,1,2,0,-4,0.0011157875,-0.50008935,0.4988865,-0.49990836,0.00025654296,-1,-0.00018363468
10,1,2,1,111,0.0010749812,0.499905,0.49892274,0.50008535,0.00025654296,-1,-0.00018363468
10,1,2,2,126,0.0011524633,-0.5000892,0.4986662,0.50008553,0.00025654296,-1,-0.00018363468
10,1,2,3,47,0.0010383055,0.49990472,0.49914303,-0.49990848,0.00025654296,-1,-0.00018363468
10,0,0,0,-4,0.0010822008,-0.49992445,-0.49892926,-0.50006413,-8.624521E-12,1,0
10,0,0,1,-21,0.0010592749,0.50007564,-0.49892926,0.49993587,-8.624521E-12,1,0
10,0,0,2,-5,0.0012104306,-0.4999244,-0.49892926,0.49993593,-8.624521E-12,1,0
10,0,0,3,-20,0.00093104516,0.5000755,-0.49892926,-0.50006413,-8.624521E-12,1,0
11,2,3,0,111,0.00054393,0.4998671,0.499467,0.5001088,0.00021193048,-1,-0.00021798663
11,2,3,1,30,0.0005289084,-0.50012,0.49946013,-0.49979788,0.00021193048,-1,-0.00021798663
11,2,3,2,94,0.0005568234,0.49986675,0.49967206,-0.4997982,0.00021193048,-1,-0.00021798663
11,2,3,3,-5,0.000516015,-0.5001197,0.49925506,0.500109,0.00021193048,-1,-0.00021798663
11,0,1,0,62,0.0016263996,0.49992454,0.49838936,0.49995413,0.0002115566,-1,-0.000120164026
11,0,1,1,109,0.0016020684,-0.50005436,0.49838218,-0.4999401,0.0002115566,-1,-0.000120164026
11,0,1,2,-20,0.0015422067,0.49992445,0.49859372,-0.49994013,0.0002115566,-1,-0.000120164026
11,0,1,3,126,0.0016862613,-0.5000541,0.49817783,0.49995425,0.0002115566,-1,-0.000120164026
11,1,2,0,-4,0.0010805755,-0.5001057,0.49891582,-0.499898,0.00021155659,-1,-0.00020436579
11,1,2,1,111,0.0010659072,0.49988878,0.4989377,0.50009567,0.00021155659,-1,-0.00020436579
11,1,2,2,126,0.0010941962,-0.5001055,0.49869785,0.5000959,0.00021155659,-1,-0.00020436579
11,1,2,3,47,0.0010522864,0.49988854,0.49915567,-0.4998981,0.00021155659,-1,-0.00020436579
11,0,0,0,-4,0.0010948473,-0.49992418,-0.49892092,-0.5000601,-8.436296E-12,1,7.275958E-12
11,0,0,1,-21,0.0010633178,0.5000759,-0.49892092,0.4999399,-8.436296E-12,1,7.275958E-12
11,0,0,2,-5,0.0012150113,-0.49992412,-0.49892092,0.49993995,-8.436296E-12,1,7.275958E-12
11,0,0,3,-20,0.00094315375,0.5000758,-0.49892092,-0.5000601,-8.436296E-12,1,7.275958E-12
12,2,3,0,111,0.00055135385,0.49985814,0.49945882,0.50011253,0.00024240602,-0.99999994,-0.0002255533
12,2,3,1,30,0.00053953496,-0.500123,0.4994502,-0.49978784,0.00024240602,-0.99999994,-0.0002255533
12,2,3,2,94,0.0005430806,0.49985778,0.49969262,-0.4997881,0.00024240602,-0.99999994,-0.0002255533
12,2,3,3,-5,0.0005478082,-0.5001227,0.4992164,0.50011283,0.00024240602,-0.99999994,-0.0002255533
12,0,1,0,62,0.0016367164,0.49994037,0.49837598,0.49993485,0.0002125433,-1,-9.472594E-05
12,0,1,1,109,0.001624296,-0.5000326,0.49836302,-0.49995276,0.0002125433,-1,-9.472594E-05
12,0,1,2,-20,0.0015318538,0.49994025,0.49857557,-0.49995285,0.0002125433,-1,-9.472594E-05
12,0,1,3,126,0.0017291586,-0.5000324,0.49816343,0.49993497,0.0002125433,-1,-9.472594E-05
12,1,2,0,-4,0.0010809924,-0.50010604,0.49891254,-0.49990037,0.00024595181,-1,-0.00019960036
12,1,2,1,111,0.0010735368,0.4998882,0.49893293,0.5000933,0.00024595181,-1,-0.00019960036
12,1,2,2,126,0.0011069452,-0.50010586,0.498687,0.5000935,0.00024595181,-1,-0.00019960036
12,1,2,3,47,0.0010475841,0.499888,0.49915847,-0.4999005,0.00024595181,-1,-0.00019960036
12,0,0,0,-4,0.001108637,-0.49993998,-0.49890405,-0.5000474,-5.2930633E-12,1,-7.275958E-12
12,0,0,1,-21,0.0010832642,0.5000601,-0.49890405,0.4999526,-5.2930633E-12,1,-7.275958E-12
12,0,0,2,-5,0.001203363,-0.49993992,-0.49890405,0.49995267,-5.2930633E-12,1,-7.275958E-12
12,0,0,3,-20,0.0009885384,0.50006,-0.49890405,-0.5000474,-5.2930633E-12,1,-7.275958E-12
13,2,3,0,111,0.000555104,0.49985677,0.49945608,0.50011003,0.00025556516,-1,-0.0002204473
13,2,3,1,30,0.000550564,-0.50012136,0.49943823,-0.49978784,0.00025556516,-1,-0.0002204473
13,2,3,2,94,0.0005377991,0.49985647,0.4996938,-0.49978808,0.00025556516,-1,-0.0002204473
13,2,3,3,-5,0.0005678688,-0.5001211,0.4992005,0.50011015,0.00025556516,-1,-0.0002204473
13,0,1,0,62,0.0016474758,0.49995753,0.49836043,0.49992004,8.526515E-05,-1,-6.95056E-05
13,0,1,1,109,0.00164679,-0.50001293,0.49834535,-0.49996534,8.526515E-05,-1,-6.95056E-05
13,0,1,2,-20,0.0015417894,0.4999575,0.4985356,-0.49996543,8.526515E-05,-1,-6.95056E-05
13,0,1,3,126,0.0017524762,-0.5000128,0.49817014,0.49992016,8.526515E-05,-1,-6.95056E-05
13,1,2,0,-4,0.0010950052,-0.50009495,0.49889746,-0.49991256,0.00024280002,-1,-0.00017520401
13,1,2,1,111,0.0010877171,0.4998994,0.4989198,0.5000811,0.00024280002,-1,-0.00017520401
13,1,2,2,126,0.0011402481,-0.5000948,0.49867702,0.5000813,0.00024280002,-1,-0.00017520401
13,1,2,3,47,0.0010424742,0.49989915,0.49914026,-0.4999127,0.00024280002,-1,-0.00017520401
13,0,0,0,-4,0.0011165262,-0.49995738,-0.49889135,-0.50003475,-2.9812867E-12,1,0
13,0,0,1,-21,0.0011007666,0.5000427,-0.49889135,0.49996522,-2.9812867E-12,1,0
13,0,0,2,-5,0.0011860318,-0.49995735,-0.49889135,0.49996528,-2.9812867E-12,1,0
13,0,0,3,-20,0.001031261,0.5000426,-0.49889135,-0.50003475,-2.9812867E-12,1,0
14,2,3,0,30,0.00055665604,-0.50010866,0.499432,-0.49980232,0.0002341398,-1,-0.00019455083
14,2,3,1,111,0.0005552782,0.4998706,0.49945605,0.50009716,0.0002341398,-1,-0.00019455083
14,2,3,2,-5,0.0005722207,-0.5001084,0.4992219,0.5000972,0.0002341398,-1,-0.00019455083
14,2,3,3,94,0.00053971354,0.49987027,0.49966612,-0.49980256,0.0002341398,-1,-0.00019455083
14,0,1,0,109,0.0016609662,-0.5000011,0.49833497,-0.49997535,0.000155754,-1,-4.9428032E-05
14,0,1,1,62,0.0016533178,0.4999715,0.49835077,0.4999124,0.000155754,-1,-4.9428032E-05
14,0,1,2,126,0.0017515038,-0.50000095,0.498195,0.49991253,0.000155754,-1,-4.9428032E-05
14,0,1,3,-20,0.0015627802,0.49997148,0.49849072,-0.4999754,0.000155754,-1,-4.9428032E-05
14,1,2,0,-4,0.0011073119,-0.5000777,0.4988848,-0.4999301,0.00021719694,-1,-0.00013997579
14,1,2,1,111,0.0011004441,0.4999166,0.49890745,0.50006354,0.00021719694,-1,-0.00013997579
14,1,2,2,126,0.0011618866,-0.50007755,0.49869025,0.5000637,0.00021719694,-1,-0.00013997579
14,1,2,3,47,0.0010458693,0.49991637,0.499102,-0.49993026,0.00021719694,-1,-0.00013997579
14,0,0,0,-4,0.0011176027,-0.49997124,-0.49888647,-0.50002474,-1.9226823E-12,1,-3.637979E-12
14,0,0,1,-21,0.0011094654,0.5000288,-0.49888647,0.49997526,-1.9226823E-12,1,-3.637979E-12
14,0,0,2,-5,0.0011670307,-0.4999712,-0.49888647,0.49997532,-1.9226823E-12,1,-3.637979E-12
14,0,0,3,-20,0.0010600373,0.5000288,-0.49888647,-0.50002474,-1.9226823E-12,1,-3.637979E-12
15,2,3,0,30,0.0005571036,-0.500086,0.4994324,-0.4998277,0.0001719298,-1,-0.00015101595
15,2,3,1,111,0.00055532105,0.4998968,0.49945512,0.5000754,0.0001719298,-1,-0.00015101595
15,2,3,2,-5,0.0005683285,-0.5000858,0.4992702,0.5000755,0.0001719298,-1,-0.00015101595
15,2,3,3,94,0.00054409617,0.49989653,0.49961737,-0.49982795,0.0001719298,-1,-0.00015101595
15,0,1,0,109,0.001669561,-0.49999478,0.49832848,-0.4999843,0.00011510575,-1,-3.1449334E-05
15,0,1,1,62,0.0016596145,0.49998254,0.49834234,0.49990818,0.00011510575,-1,-3.1449334E-05
15,0,1,2,126,0.0017393493,-0.49999467,0.49822724,0.4999083,0.00011510575,-1,-3.1449334E-05
15,0,1,3,-20,0.0015898262,0.49998248,0.49844357,-0.49998435,0.00011510575,-1,-3.1449334E-05
15,1,2,0,-4,0.0011128881,-0.5000575,0.49888018,-0.49994943,0.000115105744,-1,-0.00010124508
15,1,2,1,111,0.001105835,0.4999369,0.4989011,0.5000442,0.000115105744,-1,-0.00010124508
15,1,2,2,126,0.0011626587,-0.5000574,0.49872917,0.5000444,0.000115105744,-1,-0.00010124508
15,1,2,3,47,0.0010560644,0.4999367,0.4990521,-0.49994954,0.000115105744,-1,-0.00010124508
15,0,0,0,-4,0.001114719,-0.49998233,-0.49888724,-0.50001574,-1.1946197E-12,1,0
15,0,0,1,-21,0.0011107993,0.5000177,-0.49888724,0.49998423,-1.1946197E-12,1,0
15,0,0,2,-5,0.0011461683,-0.4999823,-0.49888724,0.4999843,-1.1946197E-12,1,0
15,0,0,3,-20,0.0010793499,0.50001764,-0.49888724,-0.50001574,-1.1946197E-12,1,0
16,2,3,0,30,0.0005563693,-0.50005746,0.49943534,-0.49985778,0.000120796736,-1,-9.820475E-05
16,2,3,1,111,0.0005555932,0.49992985,0.4994527,0.50004894,0.000120796736,-1,-9.820475E-05
16,2,3,2,-5,0.00056159974,-0.5000572,0.4993319,0.5000492,0.000120796736,-1,-9.820475E-05
16,2,3,3,94,0.00055036275,0.49992958,0.49955612,-0.49985805,0.000120796736,-1,-9.820475E-05
16,0,1,0,109,0.0016703203,-0.49999082,0.4983291,-0.49999267,1.5807793E-05,-1,-1.4653206E-05
16,0,1,1,62,0.0016619462,0.4999921,0.49833864,0.49990457,1.5807793E-05,-1,-1.4653206E-05
16,0,1,2,126,0.0017164036,-0.4999907,0.49826837,0.4999047,1.5807793E-05,-1,-1.4653206E-05
16,0,1,3,-20,0.0016158628,0.4999921,0.49839938,-0.49999273,1.5807793E-05,-1,-1.4653206E-05
16,1,2,0,-4,0.0011140839,-0.50003517,0.49888116,-0.49996963,7.026613E-05,-1,-6.0741313E-05
16,1,2,1,111,0.0011070234,0.49995926,0.49889773,0.500024,7.026613E-05,-1,-6.0741313E-05
16,1,2,2,126,0.0011515472,-0.50003505,0.49878296,0.50002426,7.026613E-05,-1,-6.0741313E-05
16,1,2,3,47,0.0010695603,0.49995905,0.49899593,-0.49996975,7.026613E-05,-1,-6.0741313E-05
16,0,0,0,-4,0.0011120251,-0.4999921,-0.49888855,-0.50000733,-5.738193E-13,1,-9.094947E-13
16,0,0,1,-21,0.0011108705,0.5000079,-0.49888855,0.49999264,-5.738193E-13,1,-9.094947E-13
16,0,0,2,-5,0.0011266783,-0.49999207,-0.49888855,0.4999927,-5.738193E-13,1,-9.094947E-13
16,0,0,3,-20,0.0010962173,0.50000787,-0.49888855,-0.50000733,-5.738193E-13,1,-9.094947E-13
17,2,3,0,30,0.0005548081,-0.5000265,0.49944,-0.49988902,5.237471E-05,-1,-4.253895E-05
17,2,3,1,111,0.0005552603,0.49996534,0.4994499,0.5000211,5.237471E-05,-1,-4.253895E-05
17,2,3,2,-5,0.0005547749,-0.50002635,0.49939752,0.5000214,5.237471E-05,-1,-4.253895E-05
17,2,3,3,94,0.0005552935,0.49996507,0.4994924,-0.49988928,5.237471E-05,-1,-4.253895E-05
17,0,1,0,109,0.0016677595,-0.49998686,0.49833277,-0.50000143,2.377321E-05,-1,2.8768065E-06
17,0,1,1,62,0.001662354,0.500002,0.49833712,0.49990037,2.377321E-05,-1,2.8768065E-06
17,0,1,2,126,0.0016900537,-0.49998674,0.49831334,0.4999005,2.377321E-05,-1,2.8768065E-06
17,0,1,3,-20,0.0016400599,0.500002,0.49835655,-0.50000143,2.377321E-05,-1,2.8768065E-06
17,1,2,0,-4,0.0011125838,-0.5000119,0.49888524,-0.49999025,5.2860105E-05,-1,-1.9419533E-05
17,1,2,1,111,0.0011066163,0.49998248,0.49889556,0.5000034,5.2860105E-05,-1,-1.9419533E-05
17,1,2,2,126,0.0011357031,-0.5000118,0.4988427,0.50000364,5.2860105E-05,-1,-1.9419533E-05
17,1,2,3,47,0.0010834971,0.49998227,0.4989381,-0.49999037,5.2860105E-05,-1,-1.9419533E-05
17,0,0,0,-21,0.0011106615,0.49999806,-0.49888986,0.50000143,1.1634031E-13,1,2.2737368E-13
17,0,0,1,-4,0.0011096115,-0.50000197,-0.49888986,-0.49999857,1.1634031E-13,1,2.2737368E-13
17,0,0,2,-20,0.0011135383,0.499998,-0.49888986,-0.49999863,1.1634031E-13,1,2.2737368E-13
17,0,0,3,-5,0.0011067347,-0.50000197,-0.49888986,0.50000143,1.1634031E-13,1,2.2737368E-13
18,2,3,0,111,0.0005547865,0.5000001,0.49944645,0.49999422,-1.3938363E-05,-1,1.1407598E-05
18,2,3,1,30,0.0005538624,-0.49999565,0.4994449,-0.4999191,-1.3938363E-05,-1,1.1407598E-05
18,2,3,2,94,0.0005588887,0.49999988,0.49943095,-0.49991935,-1.3938363E-05,-1,1.1407598E-05
18,2,3,3,-5,0.0005497602,-0.49999544,0.4994604,0.4999944,-1.3938363E-05,-1,1.1407598E-05
18,0,1,0,109,0.0016645774,-0.49998245,0.49833626,-0.5000107,-2.1969017E-05,-1,2.1602862E-05
18,0,1,1,62,0.0016637419,0.50001156,0.49833542,0.49989522,-2.1969017E-05,-1,2.1602862E-05
18,0,1,2,126,0.0016650222,-0.49998233,0.49835742,0.49989533,-2.1969017E-05,-1,2.1602862E-05
18,0,1,3,-20,0.0016632971,0.50001156,0.4983143,-0.5000107,-2.1969017E-05,-1,2.1602862E-05
18,1,2,0,-4,0.0011102996,-0.4999891,0.4988901,-0.5000105,-8.912057E-06,-1,2.1157994E-05
18,1,2,1,111,0.0011069931,0.5000053,0.4988926,0.49998316,-8.912057E-06,-1,2.1157994E-05
18,1,2,2,126,0.00112005,-0.49998897,0.49890152,0.49998337,-8.912057E-06,-1,2.1157994E-05
18,1,2,3,47,0.0010972428,0.50000507,0.4988812,-0.5000106,-8.912057E-06,-1,2.1157994E-05
18,0,0,0,-21,0.001105655,0.49998844,-0.49889517,0.5000108,8.8585985E-13,1,1.8189894E-12
18,0,0,1,-4,0.0011040085,-0.5000116,-0.49889517,-0.49998918,8.8585985E-13,1,1.8189894E-12
18,0,0,2,-20,0.0011272578,0.49998838,-0.49889517,-0.49998924,8.8585985E-13,1,1.8189894E-12
18,0,0,3,-5,0.0010824056,-0.5000116,-0.49889517,0.5000108,8.8585985E-13,1,1.8189894E-12
19,2,3,0,111,0.0005530322,0.50003254,0.49944445,0.499969,-7.530788E-05,-1,6.18088E-05
19,2,3,1,30,0.00055181055,-0.4999667,0.49945068,-0.4999471,-7.530788E-05,-1,6.18088E-05
19,2,3,2,94,0.00056030334,0.5000323,0.4993754,-0.49994737,-7.530788E-05,-1,6.18088E-05
19,2,3,3,-5,0.0005445395,-0.49996653,0.49951977,0.4999692,-7.530788E-05,-1,6.18088E-05
19,0,1,0,62,0.001663418,0.5000204,0.49833575,0.49989036,-4.0814015E-05,-1,3.9162303E-05
19,0,1,1,109,0.0016598896,-0.49997842,0.49834093,-0.50001955,-4.0814015E-05,-1,3.9162303E-05
19,0,1,2,-20,0.0016839918,0.5000203,0.49827603,-0.50001955,-4.0814015E-05,-1,3.9162303E-05
19,0,1,3,126,0.001639316,-0.4999783,0.49840066,0.49989048,-4.0814015E-05,-1,3.9162303E-05
19,1,2,0,-4,0.0011074211,-0.49996766,0.49889517,-0.50002974,-6.681511E-05,-1,5.9737864E-05
19,1,2,1,111,0.0011072491,0.5000267,0.49889016,0.4999639,-6.681511E-05,-1,5.9737864E-05
19,1,2,2,126,0.0011053502,-0.49996755,0.49895698,0.49996412,-6.681511E-05,-1,5.9737864E-05
19,1,2,3,47,0.00110932,0.5000265,0.49882835,-0.50002986,-6.681511E-05,-1,5.9737864E-05
19,0,0,0,-21,0.0011027965,0.49997962,-0.49889803,0.5000196,1.6003157E-12,1,0
19,0,0,1,-4,0.0011011448,-0.50002044,-0.49889803,-0.49998036,1.6003157E-12,1,0
19,0,0,2,-20,0.0011419589,0.49997962,-0.49889803,-0.49998042,1.6003157E-12,1,0
19,0,0,3,-5,0.0010619825,-0.5000204,-0.49889803,0.5000196,1.6003157E-12,1,0
20,2,3,0,-21,0.0005524986,0.5000588,0.4994423,0.49994636,-0.00012895452,-1,0.00010721808
20,2,3,1,109,0.0005509202,-0.49993932,0.4994543,-0.49997246,-0.00012895452,-1,0.00010721808
20,2,3,2,94,0.00056226767,0.5000586,0.49932534,-0.49997273,-0.00012895452,-1,0.00010721808
20,2,3,3,45,0.00054115115,-0.49993905,0.49957126,0.49994653,-0.00012895452,-1,0.00010721808
20,0,1,0,111,0.0016567202,0.50002545,0.4983412,0.4998874,-0.00010222256,-1,5.240586E-05
20,0,1,1,-4,0.0016535902,-0.49997193,0.4983485,-0.50002617,-0.00010222256,-1,5.240586E-05
20,0,1,2,47,0.0016992423,0.50002533,0.49824628,-0.50002617,-0.00010222256,-1,5.240586E-05
20,0,1,3,126,0.001611068,-0.4999719,0.49844342,0.49988753,-0.00010222256,-1,5.240586E-05
20,1,2,0,111,0.0011081689,0.5000453,0.4988882,0.49994636,-0.00011760702,-1,9.493171E-05
20,1,2,1,-4,0.0011050708,-0.49994907,0.49889857,-0.50004727,-0.00011760702,-1,9.493171E-05
20,1,2,2,47,0.0011204552,0.5000451,0.49878097,-0.5000474,-0.00011760702,-1,9.493171E-05
20,1,2,3,126,0.0010927845,-0.49994895,0.4990058,0.49994656,-0.00011760702,-1,9.493171E-05
20,0,0,0,-21,0.0011031588,0.49997175,-0.49889892,0.5000262,2.1367665E-12,1,3.637979E-12
20,0,0,1,-4,0.0010989944,-0.5000283,-0.49889892,-0.49997377,2.1367665E-12,1,3.637979E-12
20,0,0,2,-20,0.0011555647,0.4999717,-0.49889892,-0.49997383,2.1367665E-12,1,3.637979E-12
20,0,0,3,-5,0.0010465885,-0.50002825,-0.49889892,0.5000262,2.1367665E-12,1,3.637979E-12
21,2,3,0,-21,0.0005523784,0.5000792,0.49944153,0.49992692,-0.00015833277,-1,0.00014613582
21,2,3,1,109,0.0005500913,-0.49991602,0.49945602,-0.49999443,-0.00015833277,-1,0.00014613582
21,2,3,2,94,0.0005636034,0.50007904,0.49928418,-0.4999947,-0.00015833277,-1,0.00014613582
21,2,3,3,45,0.0005388663,-0.49991575,0.49961337,0.4999271,-0.00015833277,-1,0.00014613582
21,0,1,0,111,0.0016511586,0.5000289,0.49834457,0.49988556,-0.00013394715,-1,6.320866E-05
21,0,1,1,-4,0.0016497326,-0.49996436,0.49835452,-0.5000315,-0.00013394715,-1,6.320866E-05
21,0,1,2,47,0.0017119554,0.5000288,0.4982206,-0.50003153,-0.00013394715,-1,6.320866E-05
21,0,1,3,126,0.0015889357,-0.49996433,0.49847853,0.49988568,-0.00013394715,-1,6.320866E-05
21,1,2,0,111,0.0011046507,0.50006115,0.49889037,0.49993184,-0.00013394712,-1,0.00012401058
21,1,2,1,-4,0.0011023903,-0.49993324,0.4989026,-0.5000618,-0.00013394712,-1,0.00012401058
21,1,2,2,47,0.0011267759,0.5000609,0.49874425,-0.5000619,-0.00013394712,-1,0.00012401058
21,1,2,3,126,0.0010802652,-0.49993312,0.4990487,0.49993205,-0.00013394712,-1,0.00012401058
21,0,0,0,-21,0.001103844,0.49996415,-0.4989004,0.5000316,2.542091E-12,1,0
21,0,0,1,-4,0.0010953287,-0.5000359,-0.4989004,-0.49996838,2.542091E-12,1,0
21,0,0,2,-20,0.0011670527,0.49996412,-0.4989004,-0.49996844,2.542091E-12,1,0
21,0,0,3,-5,0.0010321201,-0.5000358,-0.4989004,0.5000316,2.542091E-12,1,0
22,2,3,0,-21,0.00055044465,0.50009507,0.49944222,0.49991235,-0.00018999723,-1,0.00017533581
22,2,3,1,109,0.0005496436,-0.49989823,0.4994577,-0.5000115,-0.00018999723,-1,0.00017533581
22,2,3,2,94,0.0005640474,0.50009483,0.4992533,-0.50001174,-0.00018999723,-1,0.00017533581
22,2,3,3,45,0.0005360408,-0.4998979,0.49964663,0.4999125,-0.00018999723,-1,0.00017533581
22,0,1,0,111,0.0016504681,0.5000299,0.49834523,0.49988496,-7.953137E-05,-1,7.09214E-05
22,0,1,1,-4,0.001647323,-0.49996036,0.49835697,-0.50003535,-7.953137E-05,-1,7.09214E-05
22,0,1,2,47,0.0017246965,0.5000298,0.4982001,-0.5000354,-7.953137E-05,-1,7.09214E-05
22,0,1,3,126,0.0015730945,-0.49996036,0.49850214,0.49988508,-7.953137E-05,-1,7.09214E-05
22,1,2,0,111,0.0011034264,0.5000726,0.4988907,0.4999213,-0.00018999723,-1,0.00014515575
22,1,2,1,-4,0.0011005149,-0.49992183,0.49890536,-0.50007236,-0.00018999723,-1,0.00014515575
22,1,2,2,47,0.0011336063,0.5000724,0.49871537,-0.5000725,-0.00018999723,-1,0.00014515575
22,1,2,3,126,0.001070335,-0.49992174,0.4990807,0.49992144,-0.00018999723,-1,0.00014515575
22,0,0,0,-21,0.0011029379,0.49996024,-0.49890137,0.50003546,2.8336394E-12,1,0
22,0,0,1,-4,0.0010943279,-0.50003976,-0.49890137,-0.49996454,2.8336394E-12,1,0
22,0,0,2,-20,0.0011738592,0.4999602,-0.49890137,-0.4999646,2.8336394E-12,1,0
22,0,0,3,-5,0.0010234065,-0.50003976,-0.49890137,0.50003546,2.8336394E-12,1,0
23,2,3,0,-21,0.0005503724,0.50010526,0.49944142,0.499903,-0.00022590376,-1,0.00019411584
23,2,3,1,109,0.0005497172,-0.49988666,0.4994585,-0.5000225,-0.00022590376,-1,0.00019411584
23,2,3,2,94,0.00056508975,0.500105,0.4992326,-0.5000227,-0.00022590376,-1,0.00019411584
23,2,3,3,45,0.0005349999,-0.49988633,0.49966732,0.49990314,-0.00022590376,-1,0.00019411584
23,0,1,0,111,0.0016528531,0.5000287,0.49834374,0.4998856,-0.00016956395,-1,7.388718E-05
23,0,1,1,-4,0.0016470836,-0.49995995,0.4983563,-0.50003684,-0.00016956395,-1,7.388718E-05
23,0,1,2,47,0.0017359627,0.5000286,0.49818677,-0.5000369,-0.00016956395,-1,7.388718E-05
23,0,1,3,126,0.0015639738,-0.49995995,0.4985133,0.4998857,-0.00016956395,-1,7.388718E-05
23,1,2,0,111,0.0011033021,0.5000789,0.49889043,0.4999154,-0.00021053111,-1,0.00015700332
23,1,2,1,-4,0.0010994474,-0.49991557,0.49890682,-0.5000783,-0.00021053111,-1,0.00015700332
23,1,2,2,47,0.0011404144,0.5000787,0.4986963,-0.5000784,-0.00021053111,-1,0.00015700332
23,1,2,3,126,0.0010623351,-0.4999154,0.49910095,0.49991554,-0.00021053111,-1,0.00015700332
23,0,0,0,-21,0.0011032232,0.49995968,-0.49890018,0.50003695,2.9991988E-12,1,0
23,0,0,1,-4,0.0010964266,-0.50004035,-0.49890018,-0.49996302,2.9991988E-12,1,0
23,0,0,2,-20,0.0011771104,0.49995965,-0.49890018,-0.49996307,2.9991988E-12,1,0
23,0,0,3,-5,0.0010225395,-0.5000403,-0.49890018,0.50003695,2.9991988E-12,1,0
24,2,3,0,-21,0.0005516518,0.5001092,0.4994399,0.49989936,-0.00023426014,-1,0.00020139545
24,2,3,1,109,0.00055034575,-0.49988222,0.49945813,-0.50002664,-0.00023426014,-1,0.00020139545
24,2,3,2,94,0.00056629535,0.50010896,0.49922386,-0.5000269,-0.00023426014,-1,0.00020139545
24,2,3,3,45,0.0005357022,-0.4998819,0.49967414,0.4998995,-0.00023426014,-1,0.00020139545
24,0,1,0,111,0.0016561836,0.5000263,0.49834114,0.4998874,-7.7179E-05,-1,7.1842616E-05
24,0,1,1,-4,0.0016489986,-0.49996156,0.49835366,-0.5000358,-7.7179E-05,-1,7.1842616E-05
24,0,1,2,47,0.0017435404,0.50002617,0.49818194,-0.5000359,-7.7179E-05,-1,7.1842616E-05
24,0,1,3,126,0.0015616418,-0.49996153,0.49851286,0.49988753,-7.7179E-05,-1,7.1842616E-05
24,1,2,0,111,0.0011042895,0.50008,0.49888945,0.4999143,-0.00021831044,-1,0.00015920613
24,1,2,1,-4,0.0010998904,-0.49991447,0.49890637,-0.5000794,-0.00021831044,-1,0.00015920613
24,1,2,2,47,0.0011464787,0.50007975,0.49868807,-0.5000795,-0.00021831044,-1,0.00015920613
24,1,2,3,126,0.0010577013,-0.4999143,0.49910775,0.49991444,-0.00021831044,-1,0.00015920613
24,0,0,0,-21,0.0011048772,0.49996144,-0.4988978,0.50003594,2.8408343E-12,1,0
24,0,0,1,-4,0.0010995409,-0.5000386,-0.4988978,-0.4999641,2.8408343E-12,1,0
24,0,0,2,-20,0.0011767199,0.49996138,-0.4988978,-0.49996415,2.8408343E-12,1,0
24,0,0,3,-5,0.0010276983,-0.50003856,-0.4988978,0.50003594,2.8408343E-12,1,0
25,2,3,0,-21,0.00055306806,0.5001065,0.4994388,0.49990168,-0.00022849403,-1,0.00019675893
25,2,3,1,109,0.00055131316,-0.49988502,0.49945685,-0.500024,-0.00022849403,-1,0.00019675893
25,2,3,2,94,0.0005667565,0.5001063,0.49922836,-0.50002426,-0.00022849403,-1,0.00019675893
25,2,3,3,45,0.0005376247,-0.4998847,0.4996673,0.49990183,-0.00022849403,-1,0.00019675893
25,0,1,0,111,0.0016592846,0.50002307,0.4983384,0.49989018,-7.004649E-05,-1,6.541494E-05
25,0,1,1,-4,0.0016519779,-0.4999651,0.49835035,-0.5000326,-7.004649E-05,-1,6.541494E-05
25,0,1,2,47,0.001745927,0.50002295,0.49818635,-0.50003266,-7.004649E-05,-1,6.541494E-05
25,0,1,3,126,0.0015653354,-0.49996507,0.4985024,0.4998903,-7.004649E-05,-1,6.541494E-05
25,1,2,0,111,0.0011055806,0.5000761,0.49888846,0.49991786,-0.00021305052,-1,0.00015206404
25,1,2,1,-4,0.0011012218,-0.49991834,0.49890473,-0.5000759,-0.00021305052,-1,0.00015206404
25,1,2,2,47,0.0011502752,0.5000759,0.4986917,-0.500076,-0.00021305052,-1,0.00015206404
25,1,2,3,126,0.0010565271,-0.49991813,0.4991015,0.499918,-0.00021305052,-1,0.00015206404
25,0,0,0,-21,0.0011068494,0.49996498,-0.49889547,0.5000327,2.6198013E-12,1,0
25,0,0,1,-4,0.0011022178,-0.50003505,-0.49889547,-0.49996728,2.6198013E-12,1,0
25,0,0,2,-20,0.0011722643,0.49996495,-0.49889547,-0.49996734,2.6198013E-12,1,0
25,0,0,3,-5,0.0010368029,-0.500035,-0.49889547,0.5000327,2.6198013E-12,1,0
26,2,3,0,-21,0.0005539807,0.5000979,0.49943858,0.49990967,-0.00020925554,-1,0.0001807037
26,2,3,1,109,0.0005523065,-0.49989474,0.49945515,-0.50001496,-0.00020925554,-1,0.0001807037
26,2,3,2,94,0.0005659649,0.50009763,0.4992459,-0.5000152,-0.00020925554,-1,0.0001807037
26,2,3,3,45,0.00054032233,-0.4998944,0.49964783,0.49990982,-0.00020925554,-1,0.0001807037
26,0,1,0,111,0.0016613669,0.5000194,0.49833646,0.4998937,-0.0001473712,-1,5.554405E-05
26,0,1,1,-4,0.0016547842,-0.49997032,0.49834737,-0.50002766,-0.0001473712,-1,5.554405E-05
26,0,1,2,47,0.001742274,0.50001925,0.49820003,-0.5000277,-0.0001473712,-1,5.554405E-05
26,0,1,3,126,0.0015738771,-0.4999703,0.49848384,0.4998938,-0.0001473712,-1,5.554405E-05
26,1,2,0,111,0.0011067025,0.50006783,0.49888784,0.49992564,-0.00019559702,-1,0.00013645753
26,1,2,1,-4,0.0011027227,-0.49992663,0.49890274,-0.50006807,-0.00019559702,-1,0.00013645753
26,1,2,2,47,0.0011509483,0.5000676,0.49870715,-0.5000682,-0.00019559702,-1,0.00013645753
26,1,2,3,126,0.0010584769,-0.49992648,0.49908343,0.4999258,-0.00019559702,-1,0.00013645753
26,0,0,0,-21,0.0011084304,0.49997008,-0.49889374,0.5000278,2.2370914E-12,1,3.637979E-12
26,0,0,1,-4,0.001104094,-0.50003,-0.49889374,-0.4999722,2.2370914E-12,1,3.637979E-12
26,0,0,2,-20,0.0011639744,0.49997005,-0.49889374,-0.49997225,2.2370914E-12,1,3.637979E-12
26,0,0,3,-5,0.0010485499,-0.5000299,-0.49889374,0.5000278,2.2370914E-12,1,3.637979E-12
27,2,3,0,-21,0.00055425556,0.5000838,0.49943924,0.49992272,-0.00017850239,-1,0.00015460873
27,2,3,1,109,0.00055298273,-0.49991035,0.49945354,-0.5000003,-0.00017850239,-1,0.00015460873
27,2,3,2,94,0.0005638656,0.5000836,0.49927503,-0.50000054,-0.00017850239,-1,0.00015460873
27,2,3,3,45,0.00054337276,-0.4999101,0.49961773,0.49992287,-0.00017850239,-1,0.00015460873
27,0,1,0,111,0.0016625308,0.50001526,0.4983355,0.49989766,-0.00012318564,-1,4.3118E-05
27,0,1,1,-4,0.0016569596,-0.4999767,0.498345,-0.5000215,-0.00012318564,-1,4.3118E-05
27,0,1,2,47,0.0017331062,0.50001514,0.4982218,-0.5000216,-0.00012318564,-1,4.3118E-05
27,0,1,3,126,0.0015863843,-0.49997666,0.49845868,0.49989778,-0.00012318564,-1,4.3118E-05
27,1,2,0,111,0.0011074283,0.5000558,0.49888784,0.499937,-0.00016761952,-1,0.0001136991
27,1,2,1,-4,0.001103904,-0.49993867,0.49890083,-0.5000567,-0.00016761952,-1,0.0001136991
27,1,2,2,47,0.0011483377,0.50005555,0.49873322,-0.5000568,-0.00016761952,-1,0.0001136991
27,1,2,3,126,0.0010629946,-0.49993855,0.49905545,0.4999372,-0.00016761952,-1,0.0001136991
27,0,0,0,-21,0.0011091761,0.4999765,-0.49889278,0.5000216,1.6734494E-12,1,0
27,0,0,1,-4,0.0011052557,-0.50002354,-0.49889278,-0.49997845,1.6734494E-12,1,0
27,0,0,2,-20,0.001152294,0.49997646,-0.49889278,-0.4999785,1.6734494E-12,1,0
27,0,0,3,-5,0.0010621377,-0.5000235,-0.49889278,0.5000216,1.6734494E-12,1,0
28,2,3,0,-21,0.000554046,0.5000657,0.49944055,0.4999397,-0.00013888687,-1,0.00012051237
28,2,3,1,109,0.00055318855,-0.49993077,0.49945223,-0.49998114,-0.00013888687,-1,0.00012051237
28,2,3,2,94,0.00056076585,0.5000655,0.49931332,-0.4999814,-0.00013888687,-1,0.00012051237
28,2,3,3,45,0.0005464687,-0.4999305,0.49957943,0.49993992,-0.00013888687,-1,0.00012051237
28,0,1,0,111,0.0016628383,0.5000108,0.49833566,0.4999019,-3.1936488E-05,-1,2.8917715E-05
28,0,1,1,-4,0.0016582042,-0.49998412,0.49834332,-0.5000144,-3.1936488E-05,-1,2.8917715E-05
28,0,1,2,47,0.0017193326,0.50001067,0.49825025,-0.5000145,-3.1936488E-05,-1,2.8917715E-05
28,0,1,3,126,0.0016017099,-0.4999841,0.4984287,0.499902,-3.1936488E-05,-1,2.8917715E-05
28,1,2,0,111,0.0011078367,0.50004077,0.49888834,0.4999511,-9.306514E-05,-1,8.5416796E-05
28,1,2,1,-4,0.0011046879,-0.49995363,0.49889913,-0.50004256,-9.306514E-05,-1,8.5416796E-05
28,1,2,2,47,0.0011429321,0.50004053,0.49876782,-0.5000427,-9.306514E-05,-1,8.5416796E-05
28,1,2,3,126,0.0010695925,-0.49995354,0.49901965,0.4999513,-9.306514E-05,-1,8.5416796E-05
28,0,0,0,-21,0.0011092616,0.49998406,-0.49889225,0.5000145,1.0967486E-12,1,1.8189894E-12
28,0,0,1,-4,0.0011062429,-0.500016,-0.49889225,-0.49998555,1.0967486E-12,1,1.8189894E-12
28,0,0,2,-20,0.0011381793,0.49998406,-0.49889225,-0.4999856,1.0967486E-12,1,1.8189894E-12
28,0,0,3,-5,0.0010773252,-0.500016,-0.49889225,0.5000145,1.0967486E-12,1,1.8189894E-12
29,2,3,0,-21,0.00055389164,0.5000446,0.49944198,0.49995956,-9.3197E-05,-1,8.084162E-05
29,2,3,1,109,0.00055333745,-0.49995452,0.4994508,-0.49995887,-9.3197E-05,-1,8.084162E-05
29,2,3,2,94,0.0005574267,0.5000444,0.4993576,-0.49995914,-9.3197E-05,-1,8.084162E-05
29,2,3,3,45,0.0005498024,-0.49995425,0.49953517,0.49995977,-9.3197E-05,-1,8.084162E-05
29,0,1,0,111,0.0016627999,0.5000061,0.49833634,0.49990618,-5.8851903E-05,-1,1.3717691E-05
29,0,1,1,-4,0.0016590805,-0.4999924,0.49834177,-0.50000685,-5.8851903E-05,-1,1.3717691E-05
29,0,1,2,47,0.001702532,0.50000596,0.4982829,-0.50000685,-5.8851903E-05,-1,1.3717691E-05
29,0,1,3,126,0.0016193483,-0.49999237,0.4983952,0.4999063,-5.8851903E-05,-1,1.3717691E-05
29,1,2,0,111,0.001107696,0.50002366,0.4988896,0.49996704,-8.910771E-05,-1,5.3453386E-05
29,1,2,1,-4,0.0011048284,-0.49997073,0.49889788,-0.5000266,-8.910771E-05,-1,5.3453386E-05
29,1,2,2,47,0.0011350841,0.5000235,0.49880877,-0.5000267,-8.910771E-05,-1,5.3453386E-05
29,1,2,3,126,0.0010774403,-0.49997061,0.4989787,0.49996725,-8.910771E-05,-1,5.3453386E-05
29,0,0,0,-21,0.0011088917,0.4999923,-0.49889195,0.50000685,5.313124E-13,1,9.094947E-13
29,0,0,1,-4,0.001107209,-0.50000775,-0.49889195,-0.4999931,5.313124E-13,1,9.094947E-13
29,0,0,2,-20,0.0011226094,0.49999225,-0.49889195,-0.49999315,5.313124E-13,1,9.094947E-13
29,0,0,3,-5,0.0010934913,-0.5000077,-0.49889195,0.50000685,5.313124E-13,1,9.094947E-13
30,2,3,0,30,0.00055344554,-0.49997836,0.49944925,-0.49993497,-4.357291E-05,-1,3.8189908E-05
30,2,3,1,111,0.00055377686,0.5000201,0.49944353,0.49998084,-4.357291E-05,-1,3.8189908E-05
30,2,3,2,-5,0.0005531644,-0.49997815,0.49948773,0.49998102,-4.357291E-05,-1,3.8189908E-05
30,2,3,3,94,0.000554058,0.5000198,0.49940506,-0.49993524,-4.357291E-05,-1,3.8189908E-05
30,0,1,0,62,0.0016624623,0.4999993,0.4983374,0.49991032,-2.2631277E-05,-1,-1.6564078E-06
30,0,1,1,109,0.0016598989,-0.49999848,0.49834025,-0.49999914,-2.2631277E-05,-1,-1.6564078E-06
30,0,1,2,-20,0.0016838871,0.49999928,0.49831763,-0.4999992,-2.2631277E-05,-1,-1.6564078E-06
30,0,1,3,126,0.0016384741,-0.49999836,0.49836,0.49991044,-2.2631277E-05,-1,-1.6564078E-06
30,1,2,0,111,0.0011076424,0.5000056,0.49889094,0.49998385,-2.2631273E-05,-1,1.9770312E-05
30,1,2,1,-4,0.0011051204,-0.49998876,0.4988963,-0.50000983,-2.2631273E-05,-1,1.9770312E-05
30,1,2,2,47,0.0011260619,0.5000054,0.49885273,-0.50000995,-2.2631273E-05,-1,1.9770312E-05
30,1,2,3,126,0.0010867009,-0.49998868,0.4989345,0.49998406,-2.2631273E-05,-1,1.9770312E-05
30,0,0,0,-4,0.0011080198,-0.49999934,-0.49889183,-0.50000083,-6.53325E-14,1,0
30,0,0,1,-21,0.0011083193,0.5000007,-0.49889183,0.49999914,-6.53325E-14,1,0
30,0,0,2,-5,0.0011096762,-0.4999993,-0.49889183,0.4999992,-6.53325E-14,1,0
30,0,0,3,-20,0.0011066629,0.50000066,-0.49889183,-0.50000083,-6.53325E-14,1,0
31,2,3,0,30,0.0005530277,-0.5000015,0.49944776,-0.4999111,5.493038E-06,-1,-4.3317996E-06
31,2,3,1,111,0.0005532335,0.49999437,0.49944597,0.500002,5.493038E-06,-1,-4.3317996E-06
31,2,3,2,-5,0.00055599504,-0.50000125,0.49944046,0.50000226,5.493038E-06,-1,-4.3317996E-06
31,2,3,3,94,0.00055026624,0.4999941,0.49945328,-0.49991137,5.493038E-06,-1,-4.3317996E-06
31,0,1,0,62,0.0016612097,0.4999918,0.49833852,0.49991444,1.2808896E-05,-1,-1.6994954E-05
31,0,1,1,109,0.0016612755,-0.5000025,0.498339,-0.4999915,1.2808896E-05,-1,-1.6994954E-05
31,0,1,2,-20,0.0016649369,0.49999177,0.49835178,-0.49999157,1.2808896E-05,-1,-1.6994954E-05
31,0,1,3,126,0.0016575484,-0.5000024,0.49832574,0.49991456,1.2808896E-05,-1,-1.6994954E-05
31,1,2,0,111,0.0011074292,0.49998793,0.49889234,0.50000036,1.2808897E-05,-1,-1.3267465E-05
31,1,2,1,-4,0.0011062874,-0.5000065,0.49889395,-0.4999933,1.2808897E-05,-1,-1.3267465E-05
31,1,2,2,47,0.0011163647,0.49998772,0.4988967,-0.49999344,1.2808897E-05,-1,-1.3267465E-05
31,1,2,3,126,0.0010973518,-0.5000064,0.4988896,0.50000054,1.2808897E-05,-1,-1.3267465E-05
31,0,0,0,-21,0.0011052728,0.5000082,-0.498895,0.49999148,-6.78413E-13,1,0
31,0,0,1,-4,0.0011047481,-0.49999177,-0.498895,-0.5000085,-6.78413E-13,1,0
31,0,0,2,-20,0.0010882778,0.5000082,-0.498895,-0.5000085,-6.78413E-13,1,0
31,0,0,3,-5,0.0011217431,-0.49999174,-0.498895,0.49999154,-6.78413E-13,1,0
32,2,3,0,30,0.00055260124,-0.5000235,0.49944657,-0.49988842,5.239051E-05,-1,-4.5111086E-05
32,2,3,1,111,0.0005522212,0.49996972,0.4994486,0.50002235,5.239051E-05,-1,-4.5111086E-05
32,2,3,2,-5,0.0005578813,-0.50002325,0.4993962,0.50002265,5.239051E-05,-1,-4.5111086E-05
32,2,3,3,94,0.0005469412,0.49996945,0.49949896,-0.4998887,5.239051E-05,-1,-4.5111086E-05
32,0,1,0,109,0.0016603094,-0.5000061,0.49833944,-0.49998483,4.64487E-05,-1,-3.0379004E-05
32,0,1,1,62,0.0016587235,0.49998468,0.49834153,0.49991798,4.64487E-05,-1,-3.0379004E-05
32,0,1,2,126,0.0016743079,-0.50000596,0.49829507,0.4999181,4.64487E-05,-1,-3.0379004E-05
32,0,1,3,-20,0.001644725,0.49998465,0.4983859,-0.4999849,4.64487E-05,-1,-3.0379004E-05
32,1,2,0,111,0.0011061298,0.49997115,0.4988949,0.50001585,4.67304E-05,-1,-4.4378823E-05
32,1,2,1,-4,0.0011056793,-0.50002325,0.4988933,-0.4999778,4.67304E-05,-1,-4.4378823E-05
32,1,2,2,47,0.0011053976,0.49997094,0.49894002,-0.49997792,4.67304E-05,-1,-4.4378823E-05
32,1,2,3,126,0.0011064116,-0.5000231,0.49884817,0.5000161,4.67304E-05,-1,-4.4378823E-05
32,0,0,0,-4,0.0011062663,-0.4999846,-0.49889398,-0.5000152,-1.2294777E-12,1,-1.8189894E-12
32,0,0,1,-21,0.0011057812,0.50001544,-0.49889398,0.49998477,-1.2294777E-12,1,-1.8189894E-12
32,0,0,2,-5,0.0011366453,-0.49998456,-0.49889398,0.49998483,-1.2294777E-12,1,-1.8189894E-12
32,0,0,3,-20,0.0010754023,0.50001544,-0.49889398,-0.5000152,-1.2294777E-12,1,-1.8189894E-12
